acetate,propionate,butyrate,lactobacillus,bifidobacterium,clostridia,bacteroides,veillonella,akkermansia,serotonin,dopamine,gaba
59.464629815125264,27.008038772530337,23.58198843960673,0.09050982237418623,0.0679800041460913,0.21427698867840478,0.5938154257318582,0.014283219009587308,0.019134540059872245,2.3529785071047624,1.9249531673284384,2.1781854212611944
59.282211546693716,19.92312812506193,33.54467838508019,0.06750505819925205,0.10766194139991216,0.2830029218198133,0.5219528447800493,0.01715406022792836,0.0027231735730447533,2.469129470677384,1.9456260117784623,2.49277019083139
54.974088393581106,26.217293398562262,34.27940539623433,0.056407293091697605,0.04243815923546917,0.2837712129963874,0.5960475665883916,0.017781475768353552,0.003554292319700815,2.620029534146873,1.9339848069562526,2.5814413022918936
60.13233262869161,29.706869629926356,26.129425295436075,0.061236164145010874,0.07140435969267094,0.25675592206577036,0.5862594372520513,0.005260852775631271,0.019083264068865274,2.425208952008142,2.1470041354004072,2.55916119077977
53.39506858037472,26.123315244490556,28.955789277231062,0.0782486299585629,0.024154570242499614,0.26954789147163805,0.621343708710771,0.000705593231545583,0.0059996063849826935,2.44228262478621,2.2050502665756238,2.5130018271269456
59.34549025343958,25.015759838953436,31.301044480264515,0.03871850495450399,0.05914264825064043,0.28908435646415803,0.5334576148676232,0.0013978615551955293,0.07819901390787873,2.3549552580209276,1.9161029384554973,2.5476771525790105
56.763012462808355,28.24289714002312,25.764699949223743,0.04478501393908813,0.08172858610381573,0.2536032744589842,0.6123065286467233,0.005931114830267284,0.0016454820211213481,2.617624794160912,2.1566810539756402,2.1876618741364577
74.14149595066165,26.660103668590537,21.6746515566764,0.09221139520442817,0.12092818328874916,0.18417887484601156,0.5546773632092089,0.03713059621098159,0.010873587240620623,2.271056227660277,1.9160493782452201,2.538905284934016
60.036373457710184,29.587881863558263,21.174867647981998,0.07429161398418939,0.046087173238966626,0.1965388238551189,0.6811898233765499,0.00034827771908104306,0.001544287826094135,2.1974243970551792,2.008430825622125,2.5332547878882643
63.50815013288343,29.013990304078185,21.143694415034574,0.0746726522594355,0.062263717745993714,0.21278964116236532,0.6450484073906081,0.003994102148271596,0.0012314792933257027,2.4991430586216374,2.1202621276511917,2.643339503666807
50.21645278955621,27.894761790556988,27.799029361432236,0.04467887853620394,0.052326168792886735,0.26358165969965325,0.5964912440683388,0.031854239389871426,0.011067809513045835,2.145668900967668,1.970172619763218,2.55137569708872
56.94043692829364,28.772108349812424,24.262620574798806,0.050697729792142564,0.06120377912586693,0.24257969720280106,0.6333908724896486,0.008279069679888095,0.0038488517096527098,2.0831344851199622,1.9327029350079419,2.4818678892891852
54.16944010384106,22.511055916951758,35.096120477590105,0.0531518289189605,0.04208472586673285,0.310228268187516,0.5466479973797884,0.04399861843935058,0.0038885612076517188,2.412375700829932,2.1416612567896762,2.6697197422707166
46.31152833341329,27.43498771338439,24.17605956746933,0.020073582189498132,0.05684606729545135,0.18372941057241993,0.7065141531330712,0.029459527657475913,0.003377259152083406,2.251845620336858,1.8000529943631784,2.157437185051375
59.22581574935296,23.551980598126484,29.299944119502374,0.06315821291744646,0.035346193468256015,0.26810305371713294,0.6133254946032415,0.00630639504132202,0.013760650252601168,2.3295095608295133,2.1497074106010734,2.447253164616187
72.78543253687951,23.82146292853961,19.236102843333985,0.09201951182113116,0.1699423045212451,0.17013549307227432,0.5504407562132316,0.017207633238783628,0.0002543011333342557,2.387991560817803,1.9479476748851468,2.363261131420366
52.49185914366604,32.406255696729296,18.8363297707163,0.029740386050696555,0.06972215594168783,0.1653146023696793,0.7274408233022871,0.006038464789626057,0.0017435675460230594,2.1016377383473674,1.829312231901957,2.4291151952227965
56.91138109237333,26.617471793983214,19.26727830029595,0.10626407906055975,0.03961780120685749,0.14902810242419323,0.6522375369429065,0.03683964356450607,0.01601283680097704,2.2265199827467277,1.8255356116691444,2.155894660147715
54.48628970810118,29.748318829353416,28.45747269270489,0.03813317083516312,0.036340247655757614,0.24136074685510525,0.6461497503995624,0.002719394810105673,0.035296689444306174,2.306145055378566,1.8456955769183816,2.693244813143118
50.65505699270446,23.84262323159598,32.12051246637916,0.07021417432781989,0.04331487080906352,0.30351819603475627,0.56297436569203,0.016409947646527635,0.00356844548980275,2.2548097807377574,1.9533270139377605,2.4914714472349706
61.46868985062726,26.796388419731194,24.448202717757425,0.0929450015086821,0.037802618866463945,0.21943022862999242,0.642673888694859,0.00374716471624956,0.00340109758375301,2.3088749592206717,1.948179402831158,2.53949152439638
63.25603603723783,26.562595823483356,22.74478013511135,0.05946934449809051,0.07189973313470936,0.19439487320757193,0.6544356170824178,0.0028692565972921664,0.016931175479918126,2.3979661967805317,1.8345093380334923,2.5044998832638625
59.79996769815007,23.498885290508802,19.303048551439414,0.038434838909470394,0.08195942253396829,0.19578423464540884,0.6277544065823043,0.007914087262458848,0.04815301006638944,2.471447293085616,1.8869930264569943,2.538962815718241
57.29976610163343,26.743720746523326,33.1641708235047,0.056840193766553034,0.0389232844353525,0.28738954348663787,0.5993028465747691,0.015648931333163408,0.0018952004035242258,2.4748087830954875,2.112154920642232,2.347106455071757
57.595615473068705,30.228557313513516,30.552143515106273,0.0625641158924184,0.03403149637493954,0.2508247973265182,0.6092647336498187,0.021631627092181558,0.021683229664123685,2.0872404073231285,2.017272117881796,2.5886524629385335
74.86170755097329,21.964247410169524,25.526424400996035,0.06677978189473338,0.21521564008893082,0.2119636019131712,0.4995606454115642,0.00535753203860424,0.001122798652996131,2.3607466598805344,2.089475930155106,2.6629259908047582
66.71031071485055,19.634884711324982,29.334498235676513,0.06313266567695423,0.08280095583222406,0.2982568605890562,0.5186287844611592,0.029549830813415782,0.007630902627190498,2.3755285085516316,1.9172506104648948,2.483174936160033
55.80961937724337,30.124385430262883,17.36289954002892,0.07704269589669277,0.04334133790159466,0.1930290045086667,0.6578585187588164,0.01246795283386675,0.01626049010036278,2.3043915339258665,1.9978434121025412,2.2973794690456724
55.939322251422034,25.151135081333365,23.019911425540197,0.025116170386278933,0.08415208131973585,0.1960247407850433,0.6450485056184261,0.029939541840114863,0.01971896005040103,2.2903008890958874,1.9539503773690585,2.36833131512122
51.83549048995362,22.726681777136275,30.215071423897438,0.033331155489342706,0.05256145807494542,0.2973545032182161,0.5581650561089802,0.04090741633777194,0.01768041077074375,2.488239668899753,2.180803903503668,2.4371843787147327
76.03660008352762,20.72909969941632,29.80192238707126,0.14806740677866803,0.09862822091378104,0.2722765567882529,0.47982500358744934,0.0006387950272743552,0.0005640169045742623,2.4616572137559056,2.339761180636158,2.4757098354156954
70.04855502273318,27.91460864034187,15.368552453396696,0.10803861693262667,0.12427449072339548,0.10298255013381599,0.6368992251763492,0.009647637810375314,0.018157479223437266,2.382920291891941,1.818343979857317,2.3970902402308165
58.68630951168677,22.985044665743036,29.010413397362626,0.054648159743160965,0.07164912190866439,0.28324323750159447,0.5745301913413066,0.0010582507212215143,0.014871038784051964,2.300246516028167,1.9556025154045624,2.6861105451135723
54.19456567295513,21.91881919579586,33.99108726706534,0.07299881230661309,0.0588161180129188,0.32746196579883263,0.49034051609951196,0.04299153324736705,0.007391054534756582,2.406527227537146,2.005876088631106,2.460624296632727
62.99100659383997,29.719065542538313,20.540866851174442,0.07612973486412905,0.049503694057668544,0.17987420905997809,0.6500987469521707,0.014239543146505808,0.03015407191954771,2.3694740669697474,2.0128315667806365,2.415411182395481
66.56545960435668,26.75276228932811,22.678205070658677,0.087373995692678,0.08095289523467476,0.23273224350623137,0.5731546732310386,0.006110879523526262,0.019675312811850827,2.242353183243106,2.1299080064152918,2.5539708936726924
58.33247203008924,28.466765467452312,24.334513461304976,0.07858964047448636,0.056037367815485385,0.2385022585331673,0.5944497786594112,0.009293073872366733,0.02312788064508312,2.2168026020202927,1.8972233901174207,2.485390507106539
60.24789246399753,29.411785560883906,25.946303821646122,0.09443099962627799,0.060372758712958746,0.23896588814143585,0.5823353223194596,0.014976768175926674,0.00891826302394112,2.269221476381508,2.04917102750946,2.3843299658730297
54.87801649005518,29.714129000758568,27.008258672715282,0.04191435695262172,0.03731259308418134,0.25609168410350786,0.651917153778898,0.0008832103140206116,0.011881001766770403,2.2443026871579472,1.9827096212569746,2.5161065856682616
61.9954360894907,23.786419065477155,28.193239749556856,0.10884784682629886,0.06672607326627465,0.24976424241958406,0.5548244298962033,0.001345744921875275,0.01849166266976382,2.4232730877340325,2.0866299986392876,2.515751628544824
63.248693494865336,27.785202588566424,25.073716286919318,0.06667424319813765,0.09291985089266747,0.17541757058040783,0.5634224706207221,0.07648380907457977,0.02508205563348537,2.114416466601161,2.1727150190488995,2.637241331845065
61.64397700194199,26.727017575256866,30.19568879228617,0.05045513363869286,0.06491703445527919,0.2799741211344992,0.5947518127876529,0.00017562978701948692,0.009726268196856456,2.2026517246971293,2.0113789577519805,2.4407766796502974
54.86729722724104,27.73771551693742,21.107825740674805,0.07875238008455981,0.04518858686766945,0.20791249632750822,0.6162787891375974,0.0036914998190509074,0.04817624776361429,2.470312254905339,1.7212669533807066,2.5636391519050408
62.026652047529346,27.35467875611801,26.19706188853287,0.07478282899705194,0.06792677662639837,0.21360581179017737,0.6206203259182426,0.00877140746224687,0.014292849205883194,2.257218518932863,2.0921960112728692,2.515787411980715
64.58534962948045,19.54451943866184,32.96779543758219,0.09402498883034663,0.06999384625994935,0.3414543238822263,0.47991830098744703,0.0085947801735886,0.006013759866442151,2.4303007803773164,1.944932025807292,2.399943371082047
55.250686844316576,27.174889283919295,19.687779329188107,0.04103833485146454,0.06388500452520707,0.20465595671246323,0.6734013666949888,0.014751371588180108,0.00226796562769626,2.0421744293509274,1.8844001090509699,2.2577992553463564
62.636736738554085,23.073542452655765,28.887357940123067,0.03364470174645175,0.1406006449840854,0.28077564817418516,0.525256481414806,0.012875979910690493,0.006846543769780949,2.380610208526355,2.1124904956428825,2.754759842654322
70.00142939728767,25.96734643968315,22.677371326167435,0.0639833145476801,0.1140339252193209,0.21243144767206687,0.5780350250649234,0.02740626426967358,0.004110023226335062,2.2317271008592425,2.0112360444148267,2.4784659110462037
55.25299207278366,23.09826452351513,30.592317614531787,0.04618562336741532,0.07414719675451953,0.29830463087566206,0.5604050623364214,0.0020471937960848934,0.018910292869896872,2.1720834949849683,2.001329424332338,2.6236468184056245
54.73231102709841,25.939225099142092,28.72341655449061,0.09890661370295356,0.05478928346333022,0.26786441203336653,0.5765125287061588,0.0016020026839294926,0.0003251594102614403,2.509840927254548,1.938505533670426,2.326125250537094
73.13063155587822,24.815305447698172,31.512719273014266,0.09405705892895591,0.1257006117583832,0.28963235467521575,0.448568751448115,0.03555117908475966,0.006490044104570559,2.5831987739917532,1.7263590605226309,2.9206017853846653
65.153689599621,23.68695741736888,18.52097666907419,0.13843518433516086,0.0766333002701648,0.14383057598523916,0.6240063656700884,0.010768211456092976,0.006326362283253839,2.2148608067695688,1.984568683865726,2.526839382127886
62.98048955058525,25.962217903047286,28.297160546800924,0.03853147496879936,0.10156825557862294,0.2611478399911336,0.5515433893628789,0.036799668670230386,0.010409371428334903,2.490278651688782,1.990767893939855,2.5063064290038786
67.13806745151584,26.372400560900278,23.190187685127118,0.04987131560842779,0.10242448793112656,0.22314080180517318,0.6114818733160132,0.0022537435020683894,0.010827777837190784,2.545123954928164,2.158529122780748,2.4589152391572924
57.80567445858758,30.430795024812735,24.38888340918092,0.059836257128102054,0.04236893475645855,0.20359592636302096,0.6877089268058928,0.001056342095385841,0.005433612851140032,2.40252490898165,2.028757118347741,2.599981855736517
76.05938161938602,20.856991194003065,25.105846083442888,0.11107962916373283,0.11794911246577532,0.24741277034903147,0.48732872001749894,0.01126358971118449,0.024966178292776767,2.411958174661073,1.9334912176355603,2.5855042726391555
74.64696753715805,24.32537254373996,22.248205762529565,0.09991248663248774,0.08906267574781573,0.23513411253904212,0.562837022611309,0.0052005704690968775,0.007853132000248616,2.344104117439932,2.1027811500200513,2.51556607308778
56.50676735042322,26.680602847940747,34.07959831448021,0.0456568133683897,0.036187228939205895,0.29667686278671124,0.6099303388151384,0.0012194196659506794,0.01032933642460399,2.488578549817763,2.1987947941498516,2.573618489664551
73.88890255247259,21.712860837113976,22.751186106013684,0.1404081896638466,0.09471957173592915,0.1846747961639174,0.5043877153015134,0.0070309996061979985,0.06877872752859535,2.2732418286993026,1.9416658146324897,2.5484798533064987
66.48518716550585,23.599602602650506,21.04297080878766,0.03770103178317733,0.10037123307383232,0.20627567593195872,0.6144223004654699,0.0031896609385755597,0.038040097806986084,2.236127178117478,2.0780368867446906,2.224585386948406
66.69071729878213,25.780187173405054,25.004531155382594,0.0824903845998517,0.05344511631857744,0.23802728863024444,0.591519439934816,0.029361981865066028,0.0051557886514443825,2.3917527028750363,1.9269237505334873,2.4661068945545797
67.3053159174375,27.16443889136832,14.940114611026615,0.09413213322339903,0.04610039588736877,0.14773969701686476,0.6967778404791843,0.006309626429666579,0.008940306963516456,2.1122435896447227,1.873462675470927,2.1783350294296473
55.97296690659171,25.51451151209932,34.08048653785646,0.03570387824865285,0.08692335996192956,0.31427238102726196,0.5482753432823633,0.013855577982208442,0.0009694594975841014,2.3655407418549372,2.125408379914191,2.6414714209751393
50.59687311598832,21.20694155555722,34.82012360976518,0.04735785490179308,0.060434041636529524,0.2935602502702902,0.5623413403623433,0.02221890716098673,0.014087605668057225,2.3766907552368606,2.122860666600009,2.4311144890689897
49.35424985001243,28.98689273643063,31.324593480283287,0.019116796138665834,0.05447565450558011,0.27918829883093044,0.6226442576086562,0.0011906836586300245,0.023384309257537365,2.4998241301664894,2.097720490293532,2.3535358666519905
70.78288992074087,26.101518800806684,23.997616556401184,0.11870275935586154,0.08105357493312446,0.19926167271235118,0.5725940316468913,0.016931576726203563,0.011456384625568028,2.205280441745906,1.9552896006730516,2.431252240679539
68.32783216418026,27.977473433904173,18.564610939766215,0.12454904375867096,0.07307554380172787,0.1492515427638419,0.6151825384922837,0.025169733137251866,0.012771598046223968,2.343550449518437,2.0538234322992763,2.4797527601147102
58.70499567862246,23.029634151808068,23.854347847155584,0.07583861235447892,0.0590146154865199,0.21854586144273772,0.6270296982176283,0.013853297939930674,0.005717914558704497,2.3798015525300995,1.9360837692561426,2.425108443161036
62.07156676971612,25.8593755023693,26.931377317963523,0.08050230097481297,0.05664878498285149,0.22764696442140891,0.610799399580123,0.0042299197673747535,0.02017263027342908,2.442723146613299,1.9369813542998078,2.3813144057300972
53.2532599689637,26.931271634196133,32.86018128082976,0.07451510693177278,0.057303972265586964,0.2937012015500416,0.5645500860481747,0.002107066747471298,0.007822566456952767,2.2955486153227254,1.9782699885359776,2.36441275554187
58.24718168297813,26.371403756346734,28.555610365038945,0.04891098943614174,0.07172366047318109,0.2367671893473267,0.6333343461725087,0.003762293375348657,0.005501521195492896,2.1532693091199295,2.2474568373544344,2.537377611489279
68.70203764786488,21.37229323981376,26.792107610848216,0.02906760264384292,0.14191860557518315,0.2571120549317173,0.5380614069260292,0.00029806313500088286,0.033542266788226555,2.4204097475917643,1.9126616682084312,2.423687824424208
65.92121430361782,26.101522706142884,16.000791634246227,0.07241450499859936,0.09469281596589992,0.17477014913337,0.6302994574958427,0.008144229816029953,0.019678842590258084,2.2102570578586946,2.0224248072526967,2.3563420460352313
58.29796266144397,28.89055901901944,25.4869655644254,0.04081558098159599,0.06326690651155058,0.21396463534679247,0.6752729778935991,0.0008097574277076738,0.005870141838754058,2.44472939561639,1.8537504600703383,2.4930830535932658
61.22785200516736,27.170471154909766,24.11807417582729,0.058532279524306535,0.04022434236305733,0.21418535134615171,0.669175190554141,0.005310221668487297,0.01257261454385604,2.224764163092153,2.0331164776578787,2.5406256307491994
57.66852444557782,30.72164616015793,21.890143973841237,0.061679771957290255,0.06088251715865193,0.2048223617448371,0.656252474669219,0.00019563546052933897,0.01616723900947219,2.3695394041780786,1.9866573471240123,2.58876274888262
69.40635971444766,24.383667403302944,21.94968958404867,0.05636827974309654,0.17454499994804967,0.2042999520866365,0.5613740742961366,0.00290197457191317,0.0005107193541674432,2.4307596371184172,2.1574667126039224,2.5007918208939395
67.09065383478413,21.831210170183102,37.92996718866463,0.0891563654824408,0.06724820116466666,0.308205945368604,0.5151763632176496,0.016764716868648687,0.003448407897990139,2.458211938079069,2.022749481308155,2.5633604454536174
65.21242273019134,26.470246411014543,18.209524401717402,0.1095711234107879,0.03295149355887082,0.17493913706785946,0.6749761089379204,0.0036944553584442232,0.003867681666117373,2.2773069024606682,1.7919307454356654,2.4276317535201835
65.76065449880282,25.298437959763763,24.000317414729846,0.11392557728969332,0.051670482708611576,0.23706924028382514,0.5444336308636195,0.0276099757330552,0.025291093121195412,2.368033760324763,1.9644381003694569,2.4605927126581477
53.71749600921988,27.61748430600266,26.872385229973073,0.056200940892182236,0.03886813611973827,0.24701816762986367,0.6012845662909481,0.03213845324710042,0.024489735820167134,2.223792709769971,2.1857185043682668,2.307203872328232
57.3654216353357,27.03445861047692,24.694621973691913,0.05032945299632866,0.06782364724446951,0.2033364021774599,0.6595923445788332,0.011759131984649037,0.0071590210182598405,2.3686004859617436,1.8660992269497785,2.6189111033354893
61.28923189399852,20.56890371406729,29.724170022417177,0.13653983558327265,0.05112419289767243,0.23167366049358717,0.5758770363426358,0.0003240158495075526,0.004461258833324268,2.5573002385418797,1.7029423830840924,2.619889194546768
61.05496822882874,27.349166354339886,30.489907899467532,0.07674432169367809,0.03558784836785979,0.2717517797268839,0.6107510126239207,0.004880073511564389,0.0002849640760929425,2.394932644505955,2.051093479129277,2.804672852329695
66.36625825136325,28.804526282409324,15.863311965066616,0.07973630976203507,0.07453794418601625,0.16404129453025476,0.6793725700418722,0.00016151316282194642,0.002150368317000034,2.018612509550047,1.990070648563572,2.6814354122863797
60.93666751519288,22.407353690490286,37.65303684331991,0.09742432890705519,0.08860181353186798,0.31711308301884317,0.49297373597386945,0.0008130957842086034,0.003073942784155618,2.371637452970619,1.9680597257550998,2.4588518288199235
63.257240377013936,30.968550999916854,23.795998707752698,0.04404152228700779,0.0927793395698337,0.2183493610590689,0.6231366102480286,0.006436876135821658,0.015256290700239495,2.11386097003393,2.0916223599187407,2.488350434550077
60.945786227325605,25.957056316848025,25.555490963970534,0.03793611184504765,0.09536680821102597,0.2523090982776047,0.5928195048865337,0.01489699044023984,0.006671486339548285,2.483186298869348,1.863411813971371,2.80274457979413
53.816207312067434,24.02906020351606,28.79572367392336,0.06337673878294683,0.0589625208603656,0.2895450858812207,0.5688004284918325,0.015236014876415137,0.004079211107219322,2.4292324612494482,1.9784752835098511,2.4962007744447137
51.33748724564566,25.00167627273386,25.619242582979545,0.05677136095630546,0.05216316250473715,0.21946585144308636,0.6261728296929847,0.012470351015557442,0.03295644438732885,2.2276331365163866,2.047460606071394,2.491246021302618
63.7421759798354,22.663046224700004,27.15426404841787,0.07888345390178866,0.07687195303843065,0.2467660527604504,0.5039612656857007,0.05647195901310398,0.03704531560052577,2.1764152711966593,1.8538790930051126,2.3170019497481857
56.1136871049966,24.648576522498946,27.364319537281634,0.030604394783800403,0.09019947875946327,0.24674168783389933,0.5299467906792694,0.0564775098048443,0.046030138138723524,2.228675842895301,2.0074413875480492,2.5083519699693473
72.56631053601143,26.07385365259447,26.527848091996585,0.10889806141229597,0.07022897807857123,0.21954841853852725,0.5982267978854309,0.00190834479898562,0.0011893992861888214,2.3021105235129786,2.1737426539544824,2.786944724077262
65.82898927354955,31.815961184948115,15.56230971569786,0.0492906780703799,0.10469851958311191,0.15166618898717146,0.6527425460617579,0.012966433117179732,0.028635634180399046,2.208125399648148,1.9340423783550813,2.5747252186436707
62.74081924192749,24.55405971867199,32.61221585662108,0.07436116570963429,0.07060842425189318,0.27879906600073784,0.5317038324032949,0.014386764580415337,0.030140747054024468,2.4227840343675093,1.9703172414013537,2.4966250936961067
66.43587107798487,22.73724932885897,30.523028950031065,0.11873439650885646,0.05313910396787653,0.29561343595618444,0.5227841978752436,0.00477415784318244,0.004954707848656629,2.5596312528981295,2.223950055838739,2.505269900760638
62.98153748900779,26.413643082339355,27.95976377479579,0.05669640884506243,0.06375027398216156,0.21631749026971075,0.6412962122666781,0.008745787466958935,0.013193827169428284,2.280620547780325,2.0985979439708937,2.3979391730399446
64.3655966893502,25.177902497426278,29.438183127051264,0.06656154810236002,0.07943479283949269,0.26240705095064987,0.5644864926367047,0.003254863219572274,0.023855252251220507,2.204722468571656,1.8108908797481449,2.446880496350814
69.0549981377678,23.61488336306271,20.263164284837163,0.057670980423376476,0.1350669609903444,0.20103641344389916,0.5795739067561314,0.012297170479138657,0.014354567907109863,2.130621119281291,2.036833624376283,2.2135190538887883
57.27606392447149,28.040936485629665,18.226193255574287,0.09458281105105884,0.05308725533095291,0.20277029422215248,0.6358987182532823,0.012266279821127948,0.0013946413214255581,2.20674722439717,1.8216669813986837,2.410333421888251
71.64009702851426,28.565469601164835,24.5313528818732,0.09425538715407747,0.039531606437379394,0.20913503437315178,0.6338308035897732,0.011870480188211132,0.011376688257407092,2.266125735928951,2.0325750552723187,2.721282800785235
53.07316531793015,25.243754495408155,26.867545504794588,0.06951554425311998,0.049606735340442146,0.25615906056774956,0.5846900003583614,0.014452946330829667,0.025575713149497296,2.2791015366216922,2.0984475020678057,2.531063926129793
57.87533176924487,25.6252355078778,22.42764359595213,0.04884895776553433,0.08288567852404669,0.207387749849958,0.6089319839510932,0.026426451898217934,0.0255191780111498,2.2162000422927317,1.8737111778268396,2.6145794112224907
55.35736636540008,22.377215900058776,25.770311604812647,0.09068418569538127,0.06297950254338856,0.22237919586464433,0.6135268701867924,0.010336739362844667,9.350634694872989e-05,2.417385445484892,1.7658117381301701,2.591355870485644
60.98094906260068,29.672294533973695,25.46679129819296,0.05587114274577757,0.07355775285055802,0.21445963645691649,0.6337982450933803,0.0016345638698848893,0.020678658983482767,2.2674931567563865,2.1801484818299945,2.4661293292018254
71.65799577055544,24.404009352491492,27.118943322052356,0.15928040809153962,0.06420846899627743,0.22671522640713773,0.5310774842806822,0.01771546003868214,0.0010029521856809904,2.3368022104276522,2.167276803843289,2.4672533189228596
73.51379049637875,27.55624469174224,15.951816302491208,0.08682724649449299,0.132039559220274,0.16301498919257082,0.6173132848794599,0.0004239366697141147,0.0003809835434880801,2.304127111533335,1.8813800644481018,2.3421469147589815
64.94490069201736,19.24861206153307,27.781254415947405,0.08795415644192618,0.14205479137680535,0.22929464916698225,0.49668742991900977,0.0251909768163641,0.01881799627891248,2.281143834501122,2.0987594173878583,2.281756195744244
59.65194084400679,32.260522327568644,20.363530478791546,0.020836675659522384,0.08070423337496267,0.19521621151127846,0.6796450884059244,0.015752069592577793,0.007845721455734282,2.3137576810939637,1.8942861967005131,2.477726297684693
57.994447917521114,22.4472413925356,23.080235913760625,0.07301176004809959,0.07486662090112785,0.25592735783257076,0.5291904832030144,0.010502789882559172,0.05650098813262813,2.3118133858353827,1.9471893620711949,2.0868070850078713
65.03884693775082,24.245272360764588,21.08501237908719,0.11096541614018572,0.07084125874601642,0.21441893072807283,0.5703565427050761,0.0004300628980258538,0.032987788782623026,2.290040761312959,1.9199750140359904,2.525948243924554
69.25753864292652,20.418742215096096,32.362510665377876,0.11693209210114823,0.06407755073117681,0.29926460481112743,0.5090901934044918,0.009685409487703602,0.0009501494643521156,2.2813982777810344,2.0155270407075783,2.5609067846247195
74.90467830195661,20.487335371173973,18.358133645814036,0.1449357646067737,0.100138170511911,0.18315762137976313,0.5489646026697077,0.005132136353268135,0.017671704478576144,2.390969652585541,1.9493317356457773,2.4686778696919203
52.008878616694425,31.067935166839177,25.892972930050114,0.019021856097402312,0.047755900748958996,0.240690618684022,0.6587593775092938,0.020143372151014572,0.013628874809308357,2.57822466706137,1.8365828993240387,2.6345491862281016
64.36248017524488,30.764819305458957,18.256769053963573,0.04938763195608087,0.09804132877948284,0.15580264078905218,0.6436188041468356,0.022343620039514317,0.030805974289034088,2.240669943900865,1.884711256109268,2.476365021781948
65.5363445817781,23.772400643458564,26.530666751082833,0.05497139608866167,0.11288385023459367,0.24893437557301404,0.5388098407763607,0.027553165755539535,0.016847371571830392,2.2245475291879346,2.039135699160976,2.7060135554180516
59.535291282240735,27.248880030167733,18.241562227393416,0.04614288816279181,0.0992395956251744,0.17230270903106848,0.6581990234533902,0.013984411582241325,0.01013137214533379,2.2163718179813503,2.1133465710735044,2.4869928173972253
58.09612305471976,27.568682228950227,19.04596197817509,0.07743859177593647,0.05149986643683802,0.1954735410415154,0.6528410706909434,0.010456386979050254,0.012290543075716462,2.3418246208893794,1.7617196987970094,2.333707259376438
59.63618104407157,25.446775632641778,25.635356626338513,0.05509664858993436,0.07404693855979087,0.2359146900990785,0.5935243444982377,0.02025159163916853,0.021165786613790077,2.248163184549125,2.044771725212178,2.4651383269650564
48.41480444326188,28.792614052056784,14.904027482105647,0.03340227501017372,0.043497946662497185,0.17033942257275117,0.718514797465699,0.022587079889400945,0.011658478399477794,2.088515487566665,1.8821858605906825,2.0499673085174894
64.61862370944696,25.9853352706114,23.229658144121004,0.09024249422273595,0.053100498637973934,0.22601654227559845,0.6133758635565019,0.0017405579619502484,0.015524043345239477,2.3484669906156945,1.744479190761553,2.3807552999842216
66.50014231554374,26.76278677045123,18.612521028328505,0.12563449384461817,0.053946479942411085,0.18468089246450026,0.595981674528477,0.030865790172174966,0.008890669047818768,2.3880123439630783,1.9632946323287328,2.3999870884111902
75.4709047262364,25.469101323051873,16.467472536719193,0.1281839855878944,0.12698370406247886,0.1494622623973702,0.5346500348970906,0.0023392715935372857,0.058380741461628714,2.322139757884711,2.0015930822716164,2.497792834854332
76.37426574785988,24.837234909386613,20.326711928491477,0.13954213307895325,0.0881830939343851,0.18753371527110016,0.5590300341299641,0.022377260808031086,0.003333762777566376,2.396072008455926,2.0262069448646876,2.3958562078048997
54.38328925212574,22.459399968990418,34.52081447035912,0.04818198478242696,0.05076989079427477,0.30600901121491636,0.5895504153542317,0.0015043386310010461,0.0039843592231491925,2.341967716690188,2.033306355775704,2.3841668764517334
62.344099054091416,27.70829194972448,25.900627105701805,0.07254656623470132,0.08955945717069158,0.20733672551202606,0.6200947555348348,0.009870300096686773,0.0005921954510594125,2.3924950235592948,2.043221723451516,2.305695757368639
58.14548958744946,27.93419764757003,19.272201259261813,0.05468172158543312,0.08442600644122315,0.19507758939735753,0.6609663444185634,0.00037024970835020343,0.004478088449072543,2.142769233291742,1.928371969178331,2.3601414662079234
66.59722498943373,29.23805889469727,24.702294447631907,0.0744437572736915,0.10420975775500074,0.18716629197091847,0.6107708134777774,0.003320348380922318,0.020089031141689587,2.4486134134764956,1.8019465816769225,2.777790857919277
69.12084835355876,27.101352258359817,21.626449948107208,0.13338718360955149,0.06574395423839234,0.21185041147150074,0.538485397959936,0.03515103679371821,0.015382015926901171,2.443969643566207,1.9874790089298322,2.5359802623083016
64.55154269682782,28.834514044672805,17.72150725545422,0.10515071173269806,0.08882374595089775,0.15376453689608044,0.5972854329667624,0.0007094050733855554,0.05426616738017578,2.2950087853154795,1.8587954935842141,2.5572218259698865
58.29566249210632,24.38175094605412,27.836752434200626,0.048886297870474944,0.08193245905690898,0.24815026455903988,0.5792612095470147,0.016723921746004556,0.025045847220556965,2.2978881399709628,1.9141524674468084,2.3961999144857664
59.659671095058926,27.765529498391363,35.782613986924325,0.0992689236971468,0.05687015452697519,0.28893448481759315,0.5414431616906358,0.006404644204540994,0.007078631063108012,2.424345821149357,2.388546410645804,2.436599637098761
53.708127047548125,33.09654568994697,12.583711944049488,0.06969885486318549,0.04205192100458441,0.11668276619574816,0.7552498996744678,0.00923323465884246,0.007083323603171655,2.300218222144739,1.9409684733477126,2.185632690123158
51.200534174551215,24.35886814712263,36.269736552635635,0.1078122692791185,0.016188696116716892,0.37863212578591743,0.47194675449625934,0.01141185779674973,0.01400829652523819,2.3699414204992695,1.9189396456954686,2.561575234827779
55.24286004590382,25.996078559420738,29.715196724380164,0.0263652698681184,0.08260781521365114,0.247344377839942,0.6072288805191689,0.035608128315875134,0.0008455282432442782,2.483433948087182,2.056670603610127,2.284390784816041
54.608828430781614,25.346509562774845,24.204527823422694,0.09292095282512974,0.0564458279064215,0.23871274941013565,0.5918024793904756,0.013580193118753685,0.0065377973490838084,2.3277995610543023,2.129417444940913,2.351386377461117
50.47576856222436,27.72098639810531,28.081377039121023,0.03847026371258586,0.0409684386534326,0.26804554200272207,0.6239488158915306,0.010748952854995669,0.01781798688473324,2.2847691208896412,1.810958577579768,2.4351086287599695
49.08930942912508,27.3559359320205,24.48695735170373,0.043241184249780594,0.030144108155107967,0.2472245665955608,0.6187548060631547,0.015099423513321528,0.045535911423074275,2.108945428985181,1.9528803072742875,2.2972303050263903
73.53411011280203,25.528652329490452,25.157657711800184,0.13332452604368805,0.07687954998507819,0.23875065257898023,0.5069298325402295,0.037091757047146616,0.0070236818048775825,2.390873592632482,2.0269468226734544,2.290836925774726
62.38952663642487,22.556566791116932,27.225781186751075,0.1400174838094502,0.04805379204949931,0.2690656425916196,0.5211182843012274,0.008804702808237107,0.01294009443996631,2.3580752322593206,1.845783174603663,2.5472535015741133
60.6348691997943,27.78981399589982,27.06591179588563,0.07699761944929101,0.0897686477741875,0.23713028162896088,0.5807627281184058,0.011503744527143839,0.0038369785020109064,2.5726595273374784,2.0576703644511465,2.549845503781409
56.20148556447696,22.881896642276075,39.03954899059695,0.059653417491119055,0.06132798344152133,0.3687796573115299,0.47677835215817116,0.01731467708419609,0.01614591251346259,2.3453957359687356,2.2195849658961224,2.6807274641024637
71.38471761041231,23.241577211301262,20.84191678674992,0.09670469158081743,0.14718217162243963,0.20204027107979278,0.5411298694067253,0.0011583436123276056,0.011784652697897203,2.5644097114873947,2.128768379623889,2.3342540719597085
62.22288614695868,31.2915710989672,16.966953682413017,0.08133632233302354,0.03209342349213936,0.1297520972909516,0.6592841064692138,0.08054268026170114,0.01699137015297057,2.2510886959788885,1.8569119194575265,2.5151022516375328
64.03261187353989,23.12136472350474,25.683369338465166,0.12734102693192723,0.07717344511221401,0.2317337583711597,0.5501604393758261,0.003073862106889573,0.010517468101983217,2.3800793848375084,2.289498836209361,2.6896427054202334
54.04640756582109,31.436107122260317,25.44264725334751,0.062433840068023015,0.04190481809939593,0.2713474375423562,0.6148011763792384,0.007182423353967025,0.002330304557019619,2.24863747075914,1.7394324384824933,2.557483632036617
67.52287729313261,19.091752749658347,26.273287179776386,0.11364134859271122,0.07247108445709631,0.22433880551607782,0.5494249372041632,0.022170995182035566,0.017952829047915744,2.3701251214464483,2.025923846769586,2.395054564481721
57.70081044162785,32.87684354228312,17.16275700139167,0.053847725554158156,0.03981440574937892,0.14793021233686404,0.7304699197735579,0.015608017117536203,0.012329719468504741,2.255073324363906,1.716764054965646,2.4413214064686386
61.890332543089066,21.670231246206896,26.4728168358688,0.06737429548882777,0.09732800271740205,0.21691351860685718,0.56532383144337,0.029323490351309517,0.023736861392233525,2.439797901505546,1.993677259891575,2.398722459636515
55.57801616237127,23.16560091131109,28.377665198528295,0.052311529261332444,0.11115319815702478,0.26129830345843,0.5324656164157726,0.01591448305581607,0.02685686965162426,2.2207119852293804,1.931312360886318,2.3997071685915654
66.47186198135354,23.849904939349894,25.56496023779004,0.07888069703215878,0.11398298656549935,0.2514837893892523,0.5466109397975063,0.007834176319606595,0.001207410895976678,2.512159355615417,2.0569363089503305,2.593460267126011
72.52788917893729,25.96356576326648,28.53328596485167,0.08652697498376594,0.10670206558711434,0.26941876631455347,0.514459339128903,0.0184962540141496,0.004396599971513622,2.4500766026169702,2.0330448838334148,2.5611879417241483
69.65137640115348,25.059093976466084,20.604940962787758,0.10808087098974864,0.09593933494434191,0.16997102301026315,0.6107201325825208,0.0007296548659515695,0.014558983607174109,2.3549989506722744,1.8468954071153998,2.6139758535600004
58.234437818076145,29.601896444678772,24.414694357961537,0.054257385813417644,0.06334850932993942,0.23956168477363263,0.6217823940897828,0.005728842488195333,0.015321183505032051,2.2879970528112636,1.8885227993169513,2.457644077182796
55.316039864460045,26.000904164350658,18.003131837817957,0.017475221898920854,0.11766409987621786,0.1688372541203307,0.6441705959008408,0.029585680438331,0.022267147765358885,2.0769729221887427,2.1036745485900563,2.3394191383292906
47.22107646195553,32.97003660850682,22.789305028870455,0.059123758708830715,0.016905186084324595,0.2123268218886859,0.7068152680362718,0.00020432197731053514,0.00462464330457633,2.2638859550429764,1.991470996390752,2.4086388742098155
61.984132013707736,23.312614618542106,28.05068402512838,0.06653590093946969,0.08663306382338679,0.28349427245560127,0.5553654041422624,0.002334466832927753,0.0056368918063519815,2.378807884350787,1.8042490012262735,2.3797581886308468
60.07062110952286,22.99964244304518,28.531618725019275,0.057318432506115194,0.12557492748348856,0.2804426557427642,0.5110223277790823,0.02059401466998256,0.005047641818567005,2.1911816820324654,2.0742040974002554,2.6139050771905654
67.93688422093302,20.572834620902256,34.760876259008825,0.04585773705993774,0.12961484241300827,0.32415775875400443,0.4744629897847375,0.013353617786678252,0.012553054201633712,2.5346302129505354,2.049295623414951,2.826799586255997
52.66197132336693,26.92601703547578,36.73799305838516,0.06432166105573285,0.04374415678143926,0.32333037563079137,0.5504767536862627,0.017110996989703246,0.0010160558560706862,2.546786425559125,2.0746108405253514,2.548957671103385
52.79920644754893,32.41910550370873,20.43318417389286,0.03749273943403769,0.04633676495423088,0.1779889020447191,0.697364592095762,0.017452106670537603,0.023364894800712948,2.150416293999565,2.0187209019238415,2.3727600486526086
55.6291214212959,27.124520792191404,23.03274680300924,0.11242128587830415,0.05044170717025638,0.2112446932174728,0.5978385141315756,0.016198839287966393,0.011854960314424692,2.1579032199083494,2.0916956126884347,2.3908179551389837
58.36776705201349,22.574267451405287,28.700102648674164,0.04533521028032029,0.09268767068727599,0.28362644196578785,0.5710389040500775,0.001822402928786637,0.005489370087751762,2.31129678353075,1.8994014696651855,2.4172393412936093
46.94045504695897,26.792115952820144,27.985307121308654,0.047363526451459796,0.02712799074453851,0.23794986297868193,0.6526582742435282,0.0057914359569751234,0.02910890962481636,2.3070574065788163,1.9714164715751246,2.6816677803000157
50.15059146801378,24.80771839197568,26.056240612913314,0.0601731010219541,0.07396856926559223,0.23189229613019627,0.6202598660701953,0.0027238400090057744,0.010982327503056518,2.2596016226000515,1.8951472297150815,2.3827540613304143
60.769350611514916,20.396586107709396,28.939415337926075,0.07941197034268008,0.04829558545862492,0.28352874864964556,0.565976399478847,0.012690795106991998,0.01009650096321056,2.3403531984248693,2.0714564626775025,2.4133693569599397
62.584421253767445,28.889580450680825,31.69740230691441,0.08292093579433019,0.02492354957029406,0.27900105389544605,0.6091087996931451,0.00012961296274634077,0.003916048084038032,2.4420899893351184,2.036108360045664,2.4454255020059747
59.41058121887176,24.431981166935916,33.10027044586887,0.05754372350077284,0.041630790818426945,0.2998111632284794,0.5742036694657606,0.005974072049544039,0.020836580937016198,2.239806200650225,2.0546953548066953,2.5899649635738293
62.78118116414333,28.292466134924517,18.51203484841427,0.06702869461317247,0.07185144696012068,0.1813909554714674,0.6712091326319499,0.006054437911555729,0.002465332411734023,2.0812477646713843,1.8764460038745754,2.4269636576153357
59.26345858215218,26.130002840614136,33.29765343317386,0.09041322691315055,0.05512479811711376,0.3150040994570227,0.5249399521134849,0.007010014461181117,0.007507908938046985,2.090716815560636,2.0492126569494222,2.4504049308149263
61.06320034347749,29.425321496087864,16.3609733577918,0.025298740527418803,0.09654463969785955,0.1534651881427767,0.7041718910516952,0.010521152939639658,0.00999838764060994,2.299099862485718,2.0766422501909427,2.28856275755975
79.76255455991655,20.19696809069705,31.692065358507204,0.14619950851627356,0.10662465891158517,0.24424989478443992,0.4965350470102562,0.0008254040829331936,0.005565486694511882,2.443506994136216,2.3594661526189538,2.7645453127093242
70.2155183418029,26.03601110173539,20.09650310948257,0.10076451973781561,0.11206802659385919,0.1703301334323125,0.6114001326851144,0.0014748517680392502,0.003962335782859148,2.405588573117466,1.989926592912643,2.4780591659684834
53.534691921542354,21.267843615679052,34.49878613757461,0.08622247960557303,0.038947771246661156,0.3212526202787813,0.534944045074541,0.006770995822560339,0.01186208797188312,2.2514573468902537,2.0243199575250213,2.5403266089723684
54.00287530061754,30.192735789250204,20.61021843349019,0.0472740989613686,0.060421381769270074,0.17664892321336761,0.6644627492146081,0.046275714104498336,0.004917132736887111,2.2436346888908423,1.728424947275395,2.4614995483690265
64.71104852404221,26.892987728986082,25.06707287584193,0.028644291273949258,0.09366542080797738,0.20308747699446936,0.6305696769457851,0.02087624038415086,0.023156893593667936,2.3592910032343917,1.901493121377439,2.6740467668545267
64.84405997118428,23.3727783527939,24.47860651332234,0.13766807221404828,0.040355286584297434,0.2264536680219927,0.5576570403972382,0.004051977904599916,0.033813954877823606,2.251759349381003,1.9605913585636605,2.3655047698877407
51.065836643575054,25.182619181462208,18.99231347755509,0.06529794587571254,0.10673943507212927,0.181721320732866,0.6087624610189253,0.0009963542372900948,0.03648248306307686,2.005261605535,1.788910633894206,2.3425269201717773
45.09952154349506,27.10518886172295,32.591975110111974,0.050984059954584666,0.018056058492921762,0.2890340865391714,0.6325173872282268,0.0008468180138950331,0.008561589771200308,2.5606167332459715,1.9422954620406623,2.5070759598440135
64.8452464151103,28.13456676750015,17.343051235283795,0.08887917528264787,0.09991344954566148,0.1569294036728642,0.6459358425910391,0.0065085406409441885,0.0018335882668432915,2.3875315024131676,2.086133127426368,2.2253300676138954
64.82378734881091,26.05946949255119,21.43828183957365,0.08409836311990991,0.05959768607347961,0.2157807249773466,0.6157314988819579,0.023507985704396044,0.0012837412429101437,2.2352957057036904,1.950481561217357,2.355918269695576
56.24211535329678,26.81699540289244,21.870269139813058,0.07170104284973892,0.04625745532660286,0.22399642003325174,0.6344009600073808,0.007924443739375245,0.01571967804365045,2.321688909819585,1.9475106950640453,2.576669064681133
70.88530884592198,25.317766789105914,24.74490199969407,0.11278417402933374,0.07696645847858116,0.19686308898015004,0.5837467739170008,0.006547074303229008,0.02309243029170516,2.2895649646498475,1.9198588901094922,2.6164959845427376
57.91883605182175,26.68601317918633,24.52775973737068,0.051021146103181175,0.08762104978921655,0.2226447060353211,0.6142762975397498,0.023989877433770894,0.00044692309876054293,2.1867911915133025,2.1124624400315994,2.602036459239273
51.43221296228205,27.100021604978885,22.331520051774284,0.03051815438194657,0.1024770998582419,0.21510654819759087,0.6223639238318767,0.007165635897689556,0.022368637832654206,2.4712393320785653,1.9021103927202805,2.374301574698633
54.40993313068515,29.409582596440842,14.8722898879543,0.04379922057429698,0.06678676223399141,0.13340959710038428,0.71564840171664,0.006849406713563299,0.033506611661124036,1.9311135502239622,1.7640699117326495,2.2935609284533323
69.48155351196387,27.558386206683053,21.34223967381373,0.11267915883924956,0.08810371428212521,0.17727350237797027,0.5716674298172805,0.03412515978694261,0.01615103489643188,2.2682144514059384,1.7732766651631924,2.286461701738884
70.05281904174485,25.106282813782908,17.05378735487534,0.054979517102619044,0.15275138785414719,0.1564059838655943,0.5689515745825146,0.007728173783164558,0.05918336281196031,2.2302889766862517,1.883446515538582,2.5219080266739926
55.70944054679162,26.161320569508717,20.237599585402684,0.10885940699491614,0.035216527957531246,0.2113643904375752,0.6149593751444331,0.02853195346905743,0.0010683459964867857,2.430412345800227,1.8420792712549463,2.5617326673768837
75.55432021989051,23.057392837894774,22.66009885977652,0.18871953697107938,0.08019665554511737,0.20008417155480673,0.4965008240961214,0.025429571964642475,0.009069239868232845,2.437457325049659,2.181751767569203,2.6420209568441297
79.56473992178933,25.756687083838077,23.635103776293676,0.10001968523916002,0.10633449144955567,0.1921840814114655,0.595827883194182,0.003615447685411376,0.0020184110202255555,2.1575256512038092,2.22959318673264,2.7286380178969067
61.61867768113252,22.742027147241103,21.183520079406424,0.07467500133166881,0.11418463702463903,0.16900591443461924,0.5809687262844038,0.04854654024161453,0.012619180683054402,2.2559160140174757,1.7752401562058389,2.4784611118491795
56.49127766281791,27.016225102597772,29.15931464227127,0.054470066467655495,0.03667134957052073,0.2827797451854576,0.5953378040876778,0.026040377932370174,0.0047006567563182,2.361658218978527,1.8813331437187097,2.718429779521095
48.64326098746664,22.241218976498324,34.37183299423047,0.05261174458335517,0.0630033614300742,0.29833487681313714,0.5477514866690705,0.0185085957251941,0.019789934779169144,2.3427134614674703,1.9908043560113542,2.492393323398654
66.46048992180211,27.988945447997935,23.257164747747016,0.07667488636447091,0.08490451843186335,0.20831264800403768,0.5878710834773797,0.03026232712200668,0.011974536600241599,2.395999750313765,1.8830789581730558,2.300395803826103
50.6272717723062,27.9347492399239,25.266446733238187,0.041533606665307685,0.05228618820438449,0.20784152045480733,0.6429225718711318,0.035067282143276125,0.020348830661092665,2.1198978794341956,1.98660970890846,2.5801662954677584
56.390369288501866,28.26889314260772,31.32202657291402,0.05549188902271846,0.042831312944128466,0.28174652512908915,0.6156902164972416,0.004057194396796339,0.00018286201002609473,2.339023294039032,2.003368023584268,2.349011200459785
66.58634695763813,26.314818755168886,11.875711741058158,0.13701452593300398,0.09185046918015698,0.12918905426323496,0.6379587481445057,0.0028452967891937136,0.0011419056899046932,2.154598291628646,1.8242644240944788,2.346286892662333
69.08040900320546,21.909586287555197,32.90222880605346,0.13189967436658162,0.06746184719110018,0.2740875093103676,0.47741980379593735,0.03364678007182104,0.015484385264192059,2.5114920757743717,2.187089004264502,2.6912983785168385
58.04353032170554,25.692900318729865,29.826528503752435,0.07651241847465326,0.07485782386897205,0.2772296080135453,0.5250347631589225,0.0135511395679606,0.03281424691594641,2.3909550706906813,1.8962373603750706,2.5836876119730134
58.55058887782906,23.771661776060256,31.189251364098233,0.023807905213578614,0.12550579947638726,0.280356637162706,0.5543910645449783,0.006702614354538526,0.009235979247811192,2.347748814040827,2.1515778393611806,2.8090974346083954
58.58974369628819,24.57756766859701,27.090513334209202,0.03276117824010551,0.0812526653807258,0.2777860259115289,0.5902843928575819,0.007391307588267068,0.010524430021790763,2.3199671684391094,1.905290281738542,2.2599805351062483
62.07188726646889,27.134094627758053,25.939237953485424,0.09606998312082757,0.07157177974114902,0.22928584953329295,0.5924972252245967,0.006206219560530353,0.004368942819603554,2.4323849287679518,2.259085925873372,2.521653922913502
65.63817420435419,26.62962137406772,28.11025568574785,0.08965065981734656,0.08047740488641458,0.23904400220262526,0.5789065962122771,0.0101017166037357,0.001819620277600803,2.384659153537348,2.225535098165742,2.561023367186105
56.90337066720415,29.48781027835933,21.82744367573425,0.06638856175591079,0.054124791642378066,0.1595680300253744,0.7136815019790166,0.0019024233014151182,0.004334691295905264,2.1432830638435423,1.9310822500726914,2.3111878635919973
58.297305286067854,23.165999068029453,23.21670582637309,0.08890264307962828,0.03438451508251599,0.18415906236782525,0.5980258192456525,0.06079441695194401,0.03373354327243397,2.1239893476891964,1.8228000063153695,2.29867167549643
61.49751639691282,27.03814356502384,22.737543205266014,0.0886307183167994,0.04765520869473302,0.19629093797373937,0.6533353852077018,0.006238705585623954,0.007849044221402287,2.1135388617111626,1.8212689682545704,2.3806003118307624
63.5912284113532,28.073276523714092,16.74297976098385,0.10959440431737402,0.06726176668045496,0.17831734467680624,0.60917393107981,0.017580011857442523,0.018072541388112116,2.378465324160967,1.986886315258784,2.2862200404840567
52.393520531624674,26.37876019463957,23.015484340985502,0.04784912022827001,0.06274872343043596,0.2075093875999066,0.6473163656039008,0.0018086974665491207,0.032767705670937675,2.357389888923487,1.9313925447751494,2.4332001922385142
56.467243043182876,27.04657277546594,25.129746411113832,0.08565910162498612,0.04200622227426031,0.24314765541539693,0.6263507979403937,0.0007208265941289896,0.0021153961508340244,2.2978510643200343,2.087456702796147,2.426439977210336
68.5115007662429,25.589562155671963,22.57878415270993,0.0289249858955124,0.13823612215763495,0.20108828403077436,0.6198197643458162,0.005587072888600248,0.006343770681661822,2.25478731005047,2.2346488953698613,2.5219711539697736
75.03416658113858,19.97618908532651,18.660633171538763,0.13417389283465694,0.11636052443328443,0.19093284837128957,0.5399446383248733,0.012136893869183858,0.006451202166712044,2.1788202493306335,1.8167530735658632,2.489565517916366
65.61286119759859,20.529093506689833,30.54918452304804,0.0991551913064624,0.10847907801077203,0.28969518338631844,0.4938352530955416,0.006332286847401235,0.002503007353504508,2.521198403215556,1.8845628531344465,2.6022785085335536
68.4958491118106,22.263336995319204,33.09973222924512,0.06551309976518777,0.12594541314450247,0.3213409839685726,0.4656973173694376,0.014459012958113754,0.0070441727941860325,2.661937522913695,2.0912697680690604,2.5265755508539307
59.58305545520252,21.243123862863087,25.509073536303614,0.048900168664863304,0.07194439376164415,0.24605406248242107,0.5736468544911928,0.05188773216734994,0.007566788432528788,2.22986682399281,2.0994923553124654,2.4804886016357774
62.91797910916103,27.44175672816741,22.06175118398688,0.07370304730982304,0.07120451273609839,0.21138223555969188,0.6051237941673923,0.03662351302602844,0.0019628972009659664,2.426337112830711,1.8423393984208276,2.6049342889556675
67.07040271439051,22.354924377268517,21.18555694975479,0.13104941245612317,0.09188713766599728,0.1945726638253128,0.565161227381128,0.006030687241111276,0.011298871430327546,2.2793776456260337,1.9424299261567397,2.5054432647871927
67.57154859827276,20.10365592085888,38.345350544044756,0.08166278198369727,0.1360380839810439,0.35772961025948713,0.42061940463417297,0.0030997798271789113,0.0008503393144197879,2.4500174997584305,2.265932405086019,2.825162341166575
47.394283076355116,29.77717005812128,18.43268426543729,0.04340946426881238,0.018910535284288866,0.21429671441180195,0.655606771865888,0.006213065586922543,0.061563448582286254,2.3544409471821197,1.6684533265720136,2.5032818354455695
59.42861183296161,22.383442935852226,30.00701651171226,0.04107946210823237,0.10408364159350897,0.3275988222438799,0.5127290164341859,0.010908907415367257,0.003600150204825765,2.3671464565117493,2.045457138366127,2.721687858577393
62.19314422114442,25.992076016247708,25.02332172958282,0.06367585640581769,0.0750738934447168,0.23700704409426568,0.5969529878438061,0.02266464100289543,0.004625577208498187,2.360730151604544,1.9199422498882621,2.2023561467602235
65.35050327322583,21.88372118908482,28.00453756888388,0.07020804975732246,0.10029782758346036,0.2640007565829511,0.5353508307949164,0.004120667578038091,0.026021867703311524,2.39068464592879,2.0244379248598987,2.5205138300391585
58.48421820374758,19.023628840652513,39.62672643071397,0.09794618978980255,0.017310351557266162,0.37248503997506094,0.4839702839248475,0.01779921419342714,0.010488920559595695,2.248460639152888,2.1633983335383573,2.5174675169908216
65.22647212769266,31.081553629529544,20.734759316883906,0.07607838185372962,0.06092466090170548,0.20190104026596356,0.6234489510510755,0.037370488740952994,0.00027647718657293133,2.3214683449193565,1.9809288228252069,2.4814227627776457
62.353574879474,22.459999089627317,32.354360308264184,0.012406275159377856,0.12296304137529507,0.3033542992021882,0.5520891520254761,0.005328793147526184,0.003858439090136439,2.333973528972778,1.9250783490793772,2.4426092985150003
58.25777480032045,29.849445243971637,25.47463360229856,0.03160586982453446,0.09781706325473327,0.23221587192262452,0.6167759628682137,0.002140723342507369,0.019444508787386676,2.1599714534044354,1.9332948895936772,2.57256115324583
61.93574562586234,22.461992394634635,25.006436970320745,0.08190500877783315,0.10787411683810792,0.2447555316405169,0.5508745441379918,0.007300535435765788,0.007290263169784431,2.2535407043344904,2.1443091199147117,2.2624050002113267
54.900303509743964,26.05104217930257,30.609117599602527,0.05916877054568948,0.06205039517452161,0.26582205956120325,0.5681894234934499,0.013654222944455846,0.031115128280679784,2.3055588340819875,2.0626361458706186,2.5869460772392197
55.187479046650935,27.65356564493881,20.690827952939845,0.07901125721463316,0.03048335291893486,0.18336855330029725,0.693258630408534,0.009941737395235954,0.003936468762364859,2.3618816939855054,2.018517844344081,2.3443270874552042
69.1555333808783,22.495962078636037,34.9902133829759,0.08625276739126742,0.09712426392822368,0.3189629119204932,0.4763064671210671,0.019845667999466184,0.0015079216394824689,2.3265933571908506,2.1164007850144078,2.5360178934220206
63.18676822420625,27.909569364875534,17.867012131169517,0.07098932763124084,0.09282679514284084,0.15729320668601812,0.6535755786876978,0.02088604658369329,0.004429045268509073,2.126336515875922,1.9959303109732502,2.4794011299684984
72.82690462500811,22.79797008578921,26.297976301625276,0.20659865684236983,0.050722023500413924,0.20090630095501838,0.5301099728628208,0.010930174631385941,0.0007328712079911442,2.39871304825159,1.9690076349473777,2.5561214933699046
59.75057504838261,28.148916168527826,24.270533570991,0.10396539707325635,0.05512803824437067,0.21077739432755693,0.6224800083624875,0.00148347472297115,0.006165687269357405,2.156323705968417,1.8876207821384663,2.6401896254252826
53.616565462437734,26.530572510284035,25.8187180009537,0.041145491856244595,0.050353571975468046,0.24794704633368153,0.6141577349333159,0.04512729215547958,0.0012688627458104092,2.225248632698526,2.0622091908307967,2.3645142769003877
55.764511696494466,25.808681704015747,23.818565158803544,0.06236301849429977,0.01613360802590077,0.2017663139006674,0.6564249289454133,0.020399076854470594,0.04291305377924809,2.0789128041873344,2.08423097489743,2.443505568929168
71.07478430374465,27.65475799092835,19.51604063861248,0.12143705092624728,0.05326069584793874,0.20791250473525824,0.5979556564388315,0.010696030327809213,0.008738061723914997,2.3867620431440653,1.8315991284094415,2.583890214221503
57.95919553186731,26.337501373682883,20.665896723521865,0.06617148893122218,0.06292289509943917,0.18426696198187656,0.6490192263728503,0.0334266749366765,0.004192752677935464,2.2086630820369657,1.850534988025424,2.4777601809139473
74.37949092211888,22.746331058931705,25.35705411489279,0.13525469115257813,0.11519502919487785,0.2271873353470881,0.48450141485302567,0.016661994800743023,0.021199534651687262,2.3608516295761155,1.9876861112396405,2.581677317496302
54.50953747168195,25.805848684165262,34.03949440038286,0.09672370101402004,0.03685556280376061,0.3177745287622546,0.5460621867948137,0.0008684060853357614,0.0017156145398153394,2.5161074143418793,2.249216703450788,2.7094171603885346
74.91484069264628,24.994960835973302,21.04869473566528,0.09396958604118301,0.09955403254534327,0.19716252477343055,0.5896554097400656,0.00798661095375567,0.01167183594622184,2.2168896231173276,2.0294776342972467,2.434384960538625
53.69244276416028,28.222045597949954,24.39006219763146,0.05052078732848354,0.08252885972370581,0.24414608911305494,0.5832074604764508,0.026452074535417782,0.013144728822887143,2.2579365234804345,1.8038407485875845,2.415619733768357
71.71433062380655,25.60832009670055,24.230968765131568,0.10488357508563957,0.08763705088885536,0.2380966278923349,0.5628738014764272,0.006490031096044696,1.891356069851332e-05,2.2196528820875985,1.9876674648685346,2.5953693993737375
66.12724554606692,23.860607542814815,23.238140082090663,0.1256240896885177,0.07121121306622698,0.21033990249595896,0.576974196816716,0.008668125521786241,0.007182472410794215,2.181601132549679,1.9382389664979436,2.4686637350401517
60.80877470800476,31.70932672062174,15.35931200088177,0.08803456639486772,0.07509036193871721,0.15586350465737756,0.6719980008725033,0.0013274340594727665,0.007686132077061519,2.0653898613747654,1.722725231153347,2.545839185716781
58.229599943514614,23.220496867659573,29.13702486180198,0.09070617465365616,0.06829085789294628,0.23596689630507434,0.5787539622736991,0.01768410100951941,0.00859800786510459,2.2956174768294817,1.99672019713182,2.5601720275062743
68.29316722363156,29.644549227209318,12.619437308294202,0.08012738557646053,0.04797240385433194,0.15901232666981613,0.7094558165391422,0.0009858712725378715,0.002446196087711113,2.078524167944473,1.7828757155941133,2.274055308252251
58.448603295437174,21.11322215973853,39.54445208153837,0.07105106122126678,0.04866152956583784,0.38191327816627574,0.47916931522638206,0.0179539578960953,0.0012508579241420979,2.4881824127167826,2.0447335633581596,2.6200979137989946
60.221037459964506,22.448118250066234,32.87453162406321,0.07563410025812317,0.06387294367686337,0.3065375234584781,0.46712018946620204,0.027643163469082046,0.05919207967125122,2.29364095578576,1.9931995183230715,2.4353230482035855
63.80124467098664,26.147709881199624,33.24752002438386,0.07299965626015233,0.06741815322268208,0.30232678168717286,0.5399333552854115,0.015975453751044876,0.001346599793536406,2.4686732264906057,2.248634250691695,2.7075261183193104
57.80784947003239,30.30605054267325,18.50190105274496,0.07136880097124841,0.07025566343299958,0.18333750507269814,0.6486474036782496,0.012728564086892087,0.013662062757912038,2.2804448661930015,1.8587933429077879,2.2722588749310204
68.07009183936975,23.066360055628717,29.18866335894046,0.06615357983297365,0.13432878953968583,0.24920073771164034,0.5008636707530871,0.02921582931783091,0.020237392844781977,2.3340887400963104,2.0391016982700214,2.691057719084819
60.77407874157118,23.7940164895851,20.02212866392861,0.08803532715654297,0.05464723895363163,0.20809790751554455,0.5406749031048037,0.03637792871600436,0.07216669455347277,2.139814676460282,1.8979106314594894,2.450693288092286
55.388500020877196,18.721563985879733,36.357641768396235,0.05940135923812738,0.05934543268702438,0.3548989894561137,0.5068157703851203,0.005045082686509232,0.014493365547105116,2.4116415468817585,1.98353069317374,2.495905106200432
65.58190119206873,23.052459064039386,29.50673990161877,0.10714791272969484,0.037339386311267306,0.2626524479105992,0.5917232696200824,0.0005909994073261639,0.0005459840210302379,2.357223211871308,2.039881017481516,2.6274091277799587
52.15279915132278,32.82210383227733,26.06229233309735,0.0364497875266985,0.04837649552950457,0.21981915203511845,0.6732657720067515,0.01790809867121964,0.004180694230707356,2.3470108801990346,1.9985084157855617,2.5896909041281484
50.27089282851877,20.452289301537636,31.846411667217897,0.035989462271663525,0.07542146882059865,0.3265441425998009,0.5512918370599398,0.0036379897072561494,0.007115099540741029,2.5320049260525814,2.00930804353319,2.6383388410655737
51.22556670332286,28.03626045934033,29.2623581088475,0.06603133108885684,0.014211408583499723,0.21972284528017183,0.6825668888870438,0.015128309517140164,0.002339216643287687,2.3486824564682975,1.903192538442435,2.681689627177347
52.18857236892993,30.810215498164343,25.245885164944017,0.042678912576729254,0.028027684977688757,0.25040868291278434,0.6587888316042246,0.008472483494759046,0.011623404433814013,2.2272591156062513,1.950103644204392,2.5452919251627346
51.4270540504606,30.65728946014494,16.440939979093034,0.05785050471619195,0.042157395176200645,0.17065304934148598,0.6911623741627028,0.029568394762104776,0.008608281841313818,2.049595194272082,1.9413865378714588,2.2758632752322074
57.435677339972116,29.923448323138604,18.5959633535759,0.036109833433985425,0.10769060127873667,0.15590533570029388,0.6225733408796761,0.058221227297008835,0.019499661410299286,2.1180111697699564,1.8776635262901418,2.3663943950361874
64.83951840579313,22.86381505493967,27.707024160341483,0.05837598354486728,0.13412058998049659,0.26403611067504396,0.4882803662816354,0.012347185056645182,0.04283976446131174,2.1865995270798555,2.028741227818868,2.5094518269704977
73.02572442226314,29.95503362967777,17.003858030577604,0.09781195294536228,0.10327098383921693,0.15995962655657092,0.6194912662314401,0.011810895284919796,0.007655275142490031,2.35587672685671,1.9352165607497025,2.5922116667806367
59.92618597328566,25.698606727730166,28.337746730891897,0.0717040019862003,0.08117921388971111,0.2514645861575246,0.5641282500395953,0.02713110765082908,0.004392840276139554,2.0928680837468026,2.0647284684261367,2.4789306397759048
66.07014202372385,29.140227321722477,15.252966075016033,0.08762274409311743,0.05355936321088038,0.16307557455871652,0.6391246858903142,0.012417221390344346,0.0442004108566272,2.2384748315863616,1.9291958781828673,2.3503333802580237
59.06290644660235,25.14981950668554,20.096848505726975,0.10657825569888117,0.04359642275647026,0.21501117305676376,0.6148645243961962,0.00018657974771862237,0.01976304434397011,2.1342563615697805,1.8910433772618522,2.6506569412243866
56.55449558741131,29.863255081068548,21.385704379305253,0.06962866205995981,0.03232856134300282,0.2058055110959171,0.6618441212807958,0.010841213934022093,0.019551930286302376,2.200448349059249,1.8276112042024975,2.4540842998835624
61.98411771976165,25.092142967553926,24.31072250360413,0.07552427374559975,0.09193025253625142,0.20154919024697476,0.5808887688189994,0.03244222053862029,0.017665294113554324,2.204734179580428,1.8265857598035204,2.4130082140527382
66.15456604385429,27.233577981103448,18.34958593926126,0.0528977008325691,0.10970409426506471,0.17457696526086827,0.6505439166073588,0.005901652638526099,0.006375670395613035,2.4108782256782173,2.033540634925343,2.5275990555022534
52.05891254683627,26.91898926589179,35.78458153936597,0.07875461773671935,0.03303006814864514,0.30586268170308745,0.5750450360841399,0.006387039661595818,0.0009205566658122426,2.4174183253498454,2.1578186771489505,2.5803667152472376
59.54184051323225,28.217317472149773,31.541990049858263,0.030352473720093896,0.08172754624085476,0.27139960527514484,0.6094818509184239,0.00173983416470448,0.005298689680778085,2.4966524459059993,2.130911579482704,2.4082497588956007
58.73172187308721,30.32382925186348,25.817286880588398,0.03770403314575726,0.08749784586846181,0.23251394511573426,0.6138851117074257,0.0195770236037095,0.008822040558911481,2.4937860169110357,2.0968159754900046,2.6582865122456276
51.21644855670058,30.91141002044013,24.709361208055,0.052613962023097476,0.03797385200621311,0.22029913489305486,0.6106851643469732,0.06187385377944009,0.016554032951221258,2.3134575792655894,1.9448838262340262,2.407315208861245
56.26376452892881,28.031505033647985,27.06135150470425,0.05054442595906818,0.0642913468699273,0.24497346254670535,0.5748370481427619,0.0601696392609979,0.0051840772205393616,2.1936668017979315,1.9217952725599174,2.5254002290482656
69.46844080780951,21.38583867481665,28.567363281157764,0.08223464752480174,0.0818655143496661,0.26247927823793565,0.5699810888783859,0.0013743170077318773,0.0020651540014787187,2.350267604484467,1.905503093633846,2.5105528182963357
62.093064461620806,30.606261201365474,22.678339906189827,0.07058553933253213,0.07973512560668074,0.21410823301146184,0.6236687396799725,0.00020748241335894176,0.01169487995599391,2.218521656339642,1.842594277745994,2.542488230060955
64.05928960150422,28.083814944308568,21.6622461106496,0.10726567255811716,0.08404357101999642,0.20162621777063927,0.6054461817283565,0.0015016166920791118,0.00011674023081129074,2.2331148499233264,2.1044667323214985,2.234968892473831
54.68562146221127,25.483470486083068,22.34407938640543,0.04721753768988488,0.08743165149106687,0.22483999699590596,0.625302866445315,0.00015380042215375813,0.015054146955673711,2.247568723556259,1.872508071126261,2.402109908558022
52.960767823756505,29.55327382387088,25.005901612847573,0.031167922716967555,0.03759477520635951,0.2742598719142793,0.6522777430031155,0.00021728963103484028,0.004482397528243345,2.284502446833918,2.0974690614349054,2.6274006350040815
56.817618769021514,26.662325320058716,21.926286186218235,0.06324322367812811,0.04471245156017013,0.17718144967654134,0.6677809367629478,0.001280966573313152,0.04580097174889932,2.3088730310718466,1.9109037952979078,2.5976717643401894
69.61930527418602,26.13293538633167,24.115389450804752,0.11425248565325186,0.07681845660700284,0.21800872577234157,0.5635718793519937,0.01763999860162203,0.009708454013787853,2.406637862466485,1.912751779355692,2.4054128403206514
55.09413292382563,22.926578698082945,25.060383980517546,0.04103442358491547,0.10468120628112301,0.23047961269273973,0.5798614418955992,0.018233055220358868,0.02571026032526368,2.274049066557293,1.8234434075648571,2.562765406845496
45.037245122331285,28.064221976704186,25.36164421236898,0.029347098848425165,0.030085877566169296,0.2256474596665322,0.6915896183091563,0.0008537030955602581,0.022476242514156725,2.3136514121671645,1.874168058650198,2.363588488589049
61.260926987956225,28.702203077140165,23.45571580703473,0.051009179482290265,0.06186320660192995,0.23112510716622026,0.6311706106719829,0.001776019592989886,0.023055876484586773,2.2412116316035977,2.1424720977870986,2.4523648726851452
54.062805700352065,30.141506020746505,25.755080291931346,0.04762801531447476,0.034967670171945985,0.2575720471870021,0.6416282345700932,0.016530157597849437,0.0016738751586344357,2.474814324373268,1.8542570060403343,2.4735520719380766
63.883619411522375,26.955413542349643,23.337432491879063,0.10162030794867113,0.05030289210188369,0.2190480187923537,0.5930695703619394,0.02908785045022226,0.006871360344929715,2.243068950911062,2.226362863024912,2.5126618796980127
52.34193620015387,26.376829056503226,30.532191513871034,0.038037134278046225,0.0711373605572282,0.2579599455034341,0.6180762112641887,0.011305893965580968,0.0034834544315218833,2.501645230336021,1.916627181741924,2.649675759699213
53.94965616520055,24.422442094425257,19.897975370571725,0.03729637866545447,0.0848082748615934,0.2023545742755798,0.6594768648069743,0.013655004609013229,0.0024089027813847196,2.033925159588882,1.98171756503715,2.423744998352904
58.58517258480333,29.422751634906945,17.172212694099727,0.039529224217034135,0.05754876002938879,0.2042634340771606,0.6946949363772708,0.0026498189559416283,0.0013138263432039695,2.148235303503621,1.8618237452356727,2.387145324291363
63.18878525592416,32.255829339098604,14.208275391321656,0.08887120130640046,0.04216937282331928,0.1325107757495916,0.7293410175415164,0.0007609241894445509,0.006346708389727708,2.115444824246754,1.8089786948397588,2.5070894124099183
56.15374464318921,24.64296180271318,30.989198912139177,0.0625030336626503,0.0798586785781607,0.2670379907966881,0.5808732798937175,0.0020780409417887483,0.0076489761269947715,2.407532391535757,1.874969385756292,2.441859117557807
58.85164063214367,23.02419407128887,27.029153140706136,0.08564167581772958,0.08335157507115541,0.28494241189414843,0.5255466678251716,0.0023741620235423816,0.018143507368252713,2.4374801750035626,1.9772766342711892,2.4886274045316923
65.85277983741483,25.16120620984487,21.070824062566317,0.08146364338843505,0.10536060061360039,0.2143139127021206,0.5877549299669153,0.001112197350204965,0.009994715978723874,2.129386831647558,1.8048702107467685,2.583844242606622
61.01046190142702,23.336530968152477,26.969344932876858,0.05919387035601857,0.11163578898960481,0.2444225145172052,0.5383160044087738,0.02236516137221963,0.0240666603561779,2.2068927845032835,1.7920566879093975,2.5642696596056784
71.20071414604509,23.051783040753467,25.31077587113091,0.1405457731266604,0.10931131658279492,0.1817096180018024,0.5105762713482243,0.02384887034524366,0.03400815059527452,2.1842456269030075,2.014883823918591,2.468379779028124
62.68655173697542,27.23013360829261,12.659445627899046,0.07937672343323242,0.11825454366434436,0.13375868964951437,0.6301211548686831,0.028533828892510334,0.00995505949171536,2.2647577910768506,1.7231707377726553,2.1479178948662807
54.465898476362916,28.319156829216265,27.011555355129023,0.08320647227087297,0.027098403648237658,0.2780542353806494,0.5807614070086456,0.010106072080327697,0.0207734096112668,2.368039573115406,2.1960675969484567,2.5595777033062572
57.96605951492624,23.88425920832916,18.85456645340852,0.06453589266948717,0.09380901875711056,0.1617716971573015,0.6569088249714539,0.001037195311923413,0.02193737113272365,2.0765663885435566,2.0062691783867836,2.2008811652332674
59.68587617404011,24.025742887345963,28.478950823473184,0.08423250527189899,0.08551733923638608,0.24069601943485774,0.5688207445969106,0.01822991377058492,0.0025034776893616967,2.3032578663474363,2.214092776923744,2.497616695880237
57.13783589146506,26.78039607338358,21.888812124497925,0.0389474257999698,0.06831617808618284,0.21137009549149344,0.6574887709022621,0.01106788421637751,0.012809645503714464,2.403829509711217,1.8535133867493727,2.5885183430172054
74.99713063013102,22.38081857302481,19.38485909850351,0.11001462069194867,0.14550786828713233,0.2062764741074785,0.4944451296967658,0.008239609254267845,0.035516297962406726,2.2389998270982874,1.9461585195894413,2.5198496504415657
